{"version":"1.0","model":"aurora","weights_input_to_hidden":[[-1.192812476558996,-0.7759174672308498],[1.3263630401834292,-0.00553979272906396],[0.20226700821508653,-0.07298996181622346]],"weights_hidden_to_output":[[-14.392151109878327],[-4.167416632254312]],"biases_hidden":[24.33587617858939,5.089495268449212],"biases_output":[1.945256288395768]}
